graphsize;par0;par1;par2;par4;par8;par16;par32;par64;par128
100;0.426208;0.477747;0.514031;0.486176;0.495306;0.529371;0.479677;0.522435;0.542453
